request_id,user_type,input_city,input_pincode,request_type,status,assigned_center_id,assigned_date,assigned_time_slot,timestamp
REQ116448,Scheduled,New Delhi,110001,New Enrollment,Rescheduled (Admin),ASK001,2026-01-21,10:00,2026-01-20 09:37:29.615150
REQ922107,Scheduled,Mumbai,412115,New Enrollment,Confirmed,ASK006,2026-01-20,10:00,2026-01-20 09:42:56.958524
REQ811882,Scheduled,Gurugram,122002,eKYC,Confirmed,ASK005,2026-01-20,11:00,2026-01-20 10:05:55.478979
REQ399990,Scheduled,Mumbai,416118,Demographic Update,Confirmed,ASK006,2026-01-20,11:00,2026-01-20 10:08:28.708770
REQ406679,Scheduled,Gurugram,122002,Demographic Update,Confirmed,ASK005,2026-01-20,11:00,2026-01-20 10:12:10.656114
REQ941751,Scheduled,Ghaziabad,201002,New Enrollment,Completed,ASK004,2026-01-20,11:00,2026-01-20 10:12:10.665426
REQ807175,Scheduled,Mumbai,400014,Demographic Update,Confirmed,ASK006,2026-01-20,11:00,2026-01-20 10:12:10.672426
REQ262923,Scheduled,Mumbai,400014,Demographic Update,Confirmed,ASK006,2026-01-20,11:00,2026-01-20 10:12:10.681425
REQ813551,Scheduled,Ghaziabad,201002,Biometric Update,Confirmed,ASK004,2026-01-20,11:00,2026-01-20 10:12:10.689097
REQ406247,Scheduled,Noida,201301,Biometric Update,Completed,ASK003,2026-01-20,11:00,2026-01-20 10:12:10.697320
REQ561942,Scheduled,New Delhi,110001,Demographic Update,Rescheduled (Admin),ASK001,2026-01-21,11:00,2026-01-20 10:12:10.707451
REQ238395,Scheduled,New Delhi,110001,Biometric Update,Rescheduled (Admin),ASK001,2026-01-21,11:00,2026-01-20 10:12:10.717016
REQ558886,Scheduled,Ghaziabad,201002,eKYC,Completed,ASK004,2026-01-20,11:00,2026-01-20 10:12:10.724675
REQ552516,Scheduled,Gurugram,122002,Biometric Update,Confirmed,ASK005,2026-01-20,11:00,2026-01-20 10:12:10.734922
REQ658980,Scheduled,Bengaluru,560038,eKYC,Confirmed,ASK008,2026-01-20,11:00,2026-01-20 10:12:10.740964
REQ611629,Scheduled,Bengaluru,560038,Biometric Update,Confirmed,ASK008,2026-01-20,11:00,2026-01-20 10:12:10.749863
REQ698538,Scheduled,Bengaluru,560038,Demographic Update,Confirmed,ASK008,2026-01-20,11:00,2026-01-20 10:12:10.757463
REQ591739,Scheduled,Bengaluru,560038,eKYC,Confirmed,ASK008,2026-01-20,11:00,2026-01-20 10:12:10.766108
REQ486153,Scheduled,Bengaluru,560038,Demographic Update,Completed,ASK008,2026-01-20,11:00,2026-01-20 10:12:10.773632
REQ843601,Scheduled,Mumbai,400014,Biometric Update,Confirmed,ASK006,2026-01-20,11:00,2026-01-20 10:12:10.782969
REQ470891,Scheduled,Noida,201301,Demographic Update,Completed,ASK003,2026-01-20,11:00,2026-01-20 10:12:10.789059
REQ324632,Scheduled,Bengaluru,560038,Biometric Update,Completed,ASK008,2026-01-20,11:00,2026-01-20 10:12:10.796767
REQ307898,Scheduled,Noida,201301,Demographic Update,Confirmed,ASK003,2026-01-20,11:00,2026-01-20 10:12:10.802872
REQ931183,Scheduled,New Delhi,110001,eKYC,Completed,ASK001,2026-01-20,11:00,2026-01-20 10:12:10.807022
REQ973013,Scheduled,Ghaziabad,201002,eKYC,Completed,ASK004,2026-01-20,11:00,2026-01-20 10:12:10.815538
REQ992122,Scheduled,Gurugram,122002,eKYC,Completed,ASK005,2026-01-20,11:00,2026-01-20 10:12:10.821345
REQ666848,Scheduled,Gurugram,122002,New Enrollment,Confirmed,ASK005,2026-01-20,11:00,2026-01-20 10:12:10.825178
REQ492541,Scheduled,Noida,201301,Biometric Update,Completed,ASK003,2026-01-20,11:00,2026-01-20 10:12:10.835032
REQ878775,Scheduled,Noida,201301,Demographic Update,Completed,ASK003,2026-01-20,11:00,2026-01-20 10:12:10.840471
REQ760065,Scheduled,New Delhi,110001,eKYC,Rescheduled (Admin),ASK001,2026-01-21,11:00,2026-01-20 10:12:10.846506
REQ744264,Scheduled,Bengaluru,560038,Biometric Update,Completed,ASK008,2026-01-20,11:00,2026-01-20 10:12:10.853047
REQ927860,Scheduled,Bengaluru,560038,eKYC,Completed,ASK008,2026-01-20,11:00,2026-01-20 10:12:10.857423
REQ662845,Scheduled,Ghaziabad,201002,New Enrollment,Confirmed,ASK004,2026-01-20,11:00,2026-01-20 10:12:10.864216
REQ787686,Scheduled,Noida,201301,eKYC,Confirmed,ASK003,2026-01-20,11:00,2026-01-20 10:12:10.870501
REQ242775,Scheduled,Ghaziabad,201002,Biometric Update,Confirmed,ASK004,2026-01-20,11:00,2026-01-20 10:12:10.875036
REQ694988,Scheduled,Ghaziabad,201002,Biometric Update,Completed,ASK004,2026-01-20,11:00,2026-01-20 10:12:10.883745
REQ765764,Scheduled,Ghaziabad,201002,eKYC,Confirmed,ASK004,2026-01-20,11:00,2026-01-20 10:12:10.888871
REQ946575,Scheduled,Ghaziabad,201002,Biometric Update,Confirmed,ASK004,2026-01-20,11:00,2026-01-20 10:12:10.895777
REQ948185,Scheduled,Ghaziabad,201002,Demographic Update,Completed,ASK004,2026-01-20,11:00,2026-01-20 10:12:10.902023
REQ789775,Scheduled,Ghaziabad,201002,eKYC,Confirmed,ASK004,2026-01-20,11:00,2026-01-20 10:12:10.906295
REQ371296,Scheduled,New Delhi,110001,New Enrollment,Rescheduled (Admin),ASK001,2026-01-21,11:00,2026-01-20 10:12:10.910933
REQ925191,Scheduled,Mumbai,400014,New Enrollment,Confirmed,ASK006,2026-01-20,11:00,2026-01-20 10:12:10.918803
REQ991296,Scheduled,Noida,201301,Demographic Update,Confirmed,ASK003,2026-01-20,11:00,2026-01-20 10:12:10.923697
REQ673642,Scheduled,Noida,201301,Demographic Update,Confirmed,ASK003,2026-01-20,11:00,2026-01-20 10:12:10.930263
REQ658768,Scheduled,New Delhi,110001,New Enrollment,Rescheduled (Admin),ASK001,2026-01-21,11:00,2026-01-20 10:12:10.936335
REQ644650,Scheduled,Bengaluru,560038,Demographic Update,Completed,ASK008,2026-01-20,11:00,2026-01-20 10:12:10.940817
REQ336212,Scheduled,Noida,201301,eKYC,Confirmed,ASK003,2026-01-20,11:00,2026-01-20 10:12:10.947913
REQ684622,Scheduled,Bengaluru,560038,New Enrollment,Completed,ASK008,2026-01-20,11:00,2026-01-20 10:12:10.953722
REQ498118,Scheduled,Bengaluru,560038,Demographic Update,Completed,ASK008,2026-01-20,11:00,2026-01-20 10:12:10.958757
REQ978723,Scheduled,New Delhi,110001,Demographic Update,Rescheduled (Admin),ASK001,2026-01-21,11:00,2026-01-20 10:12:10.966049
REQ804336,Scheduled,New Delhi,110001,Biometric Update,Rescheduled (Admin),ASK001,2026-01-21,11:00,2026-01-20 10:12:10.971906
REQ927949,Scheduled,Ghaziabad,201002,Demographic Update,Confirmed,ASK004,2026-01-20,11:00,2026-01-20 10:12:10.975735
REQ311190,Scheduled,Ghaziabad,201002,eKYC,Confirmed,ASK004,2026-01-20,11:00,2026-01-20 10:12:10.984071
REQ700667,Scheduled,Gurugram,122002,Demographic Update,Confirmed,ASK005,2026-01-20,11:00,2026-01-20 10:12:10.989304
REQ609297,Scheduled,New Delhi,416118,Demographic Update,Rescheduled (Admin),ASK001,2026-01-21,11:00,2026-01-20 10:25:21.554287
REQ910613,Scheduled,New Delhi,416118,New Enrollment,Confirmed,ASK001,2026-01-20,11:00,2026-01-20 10:37:52.042130
REQ289627,Scheduled,New Delhi,416118,New Enrollment,Confirmed,ASK001,2026-01-20,11:00,2026-01-20 10:38:13.983558
